method,max value,quality,time(s),peak memory (MB),runs
SDP+GW2433.867 +/- 1.2241.0000 +/- 0.0000178.192 +/- 1.7894567.0 +/- 3.08
Sign-Iteration109.493 +/- 32.5090.0450 +/- 0.01339.889 +/- 0.2751057.5 +/- 3.68
Box-PGA2721.616 +/- 4.4331.1182 +/- 0.00172.615 +/- 0.1161055.8 +/- 2.48
LR-SDP r=22535.253 +/- 9.8761.0417 +/- 0.00418.018 +/- 0.4011061.9 +/- 4.78
LR-SDP r=42505.580 +/- 9.6821.0295 +/- 0.00416.896 +/- 0.0971060.3 +/- 3.68
LR-SDP r=62511.781 +/- 7.7541.0320 +/- 0.00357.829 +/- 0.2191060.4 +/- 2.78
LR-SDP r=82511.197 +/- 10.2111.0318 +/- 0.00446.091 +/- 0.1781064.0 +/- 3.28
